id, x
1, 2.71412752
2, 1.20978715
3, 0.32251386
4, 1.04035624
5, 0.46810203
6, 0.2582806
7, 2.77504271
8, 0.60903999
9, 0.08280274
10, 0.23696016
11, 0.68544627
12, 0.14649087
13, 0.08264844
14, 1.46690358
15, 1.52762650
16, 0.08210992
17, 1.21301865
18, 3.35876574
19, 0.62294449
20, 1.54871413