id, x
1, 0.77976583
2, -0.15168392
3, 1.10213560
4, 1.74860322
5, 1.16022842
6, -0.87993110
7, 0.12428383
8, 1.40108407
9, -0.88507907
10, 0.51274954
11, -1.44146919
12, 0.43173763
13, -0.53124543
14, -0.87290174
15, 0.93869135
16, 0.97129910
17, -0.99664057
18, 0.03610412
19, -1.62678926
20, -0.25067709
